{"cameraMode":{"drawMode":0,"name":"Shaded","section":"Shading Mode"},"sceneLighting":false,"audioPlay":false,"sceneViewState":{"showFog":true,"showMaterialUpdate":false,"showSkybox":false,"showFlares":true,"showImageEffects":true,"showParticleSystems":true},"in2DMode":false,"pivot":{"x":0.8500000238418579,"y":0.09600000083446503,"z":-23.402999877929689},"rotation":{"x":0.027306580916047097,"y":0.010489612817764283,"z":-0.00026403830270282924,"w":0.9996020197868347},"size":0.2881595492362976,"orthographic":false}