{"cameraMode":{"drawMode":0,"name":"Shaded","section":"Shading Mode"},"sceneLighting":true,"audioPlay":false,"sceneViewState":{"showFog":true,"showMaterialUpdate":false,"showSkybox":true,"showFlares":true,"showImageEffects":true,"showParticleSystems":true},"in2DMode":false,"pivot":{"x":0.6886177659034729,"y":3.686347723007202,"z":24.30182647705078},"rotation":{"x":0.19701917469501496,"y":-0.0000050058411034115128,"z":0.0000074155286711174998,"w":0.9804308414459229},"size":4.748847007751465,"orthographic":false}