{"cameraMode":{"drawMode":0,"name":"Shaded","section":"Shading Mode"},"sceneLighting":false,"audioPlay":false,"sceneViewState":{"showFog":true,"showMaterialUpdate":false,"showSkybox":false,"showFlares":true,"showImageEffects":true,"showParticleSystems":true},"in2DMode":false,"pivot":{"x":0.593999981880188,"y":0.7260000109672546,"z":7.474999904632568},"rotation":{"x":0.027306580916047097,"y":0.010489612817764283,"z":-0.00026403830270282924,"w":0.9996020197868347},"size":0.09256736934185028,"orthographic":false}